ID,Functional,Chromosome,Start,End,Sequence
RNA1,Yes,chr20,54171577,54171670,CTCATTGATTTTGTTGTCCAGCTTCATCACTTCCCCTGGTTTCATTAGTTTCTTTTGAAAGGCACTCCGGACCCGCTGCCAGTCTTCCCCTTCC
RNA2,Yes,chr4,144119686,144119781,CGGTTTCCTCTTCTGGAGGGTAAACAGTTCTAACAGAAATTTCTGAAACTTCATGAGCTCTAGGAGTGGCTGCATATGTGTCCCGTTTGTGCGTAT
RNA3,Yes,chr20,25269129,25269207,TTGGGGTTAGACTTGGAGGAACTCGAGGAGATAGAAGAAGATGCTGGCCTTGGGAAtggaggcctggggaggctgGCAG
RNA4,Yes,chr22,46343262,46343368,tgACTTTTTGAATGAGTATGAAAAAGGAAGGACTCCCAATCCTGACATAGTTTGCAACAAGCACATCAAATTTAGTTGCTTTTTTCATTATGCTGTGGATAATCTTG
RNA5,Yes,chr6,10724961,10725037,AGTGCCTTTGCATTGGTTTGGCTTTGGCTACGCAGCACTGGTTGCTTCTGGTGGGATCATTGGCTATGTAAAAGCAG
RNA6,Yes,chr14,69500577,69500666,GGCGTCATCCCTCTGGGGGGCTGCCTGGTGGAGCCCAAGGAAGAGCCTAGCATGCCCTATGCCATGAAGATCTCCCACCAGGACTTCCAT
RNA7,Yes,chr9,37842089,37842286,ATTTCTTGATAACCGGCTGTTTGCTACCTGCTCTGATGACACTACAATAGCACTATGGGATCTGAGAAAATTGAACACCAAAGTATGCACTTTACATGGTCACACTAGCTGGGTGAAGAACATCGAATATGATACTAATACAAGACTCTTAGTAACATCAGGATTTGATGGAAATGTCATTATTTGGGACACTAACAG
RNA8,Yes,chr1,36139720,36139819,CTTGGCAATGACATCCGCAGTTTCCCGAAAGTCATGGCACCTCCCAACATTTGACCGAGCCAAGAAATCTTCAATCAGCCGGACTCCAATGTTAAAGCCC
RNA9,Yes,chr11,117989442,117989620,GTATGGAATAGAGTCCTGGAACTCCATCTCCAACTGTAGCCAGACCCTGTCCTATGACCTTACCGCAGTGACCTTGGACCTGTACCACAGCAATGGCTACCGGGCCAGAGTGCGGGCTGTGGACGGCAGCCGGCACTCCAACTGGACCGTCACCAACACCCGCTTCTCTGTGGATGAAG
RNA10,Yes,chr17,19035958,19036080,TTCACAGACACAGAGAACTCCCCTGGGGAGCTCTCACTCTCCCGGATCAGGAAGGCTCCCAGATGGTTCCGCTTCATCAGAATCTCTTCGGCCAGCTGCCGGGAAATCCTGCCCGAGTACCAC
RNA11,Yes,chr19,11102664,11102786,TGTCTGTCACCTGCAAATCCGGGGACTTCAGCTGTGGGGGCCGTGTCAACCGCTGCATTCCTCAGTTCTGGAGGTGCGATGGCCAAGTGGACTGCGACAACGGCTCAGACGAGCAAGGCTGTC
RNA12,Yes,chr17,64504222,64504318,CAGGGAAATTGGCTTCATAAAAATTTAGAACTGGCTTCGGGCAGTTGTGACCTCTAACTGTAATTTCCTTGCTTCTTCTGTATGTTTCCACCTCTTG
RNA13,Yes,chr5,144165432,144165604,CTTCTAATAAAGGTGGCTCATCCTCAAAGTTGTTTCCATAGAAAGGCTGAGGTGAAGCTGGAGTATATGCCTGAGTTGGCTGGTAAATCTGCCCGGTGTATGGCTGTTGTGGCTGCATCATGTCTGGAGGGACAAATCTGCCTTGCTGCGAATAGTCATAGCCAGCATACTGT
RNA14,Yes,chr4,99558049,99558211,CTTTAATACCATCAAGTGATCAaaactacagtcaataataaggCGAAGGGTGCTATGAACAACATCTCTTCGAACACGTTTTCTGTCATGTCCATCTGAGTTTGGTTCCATTTGACATTGTCGCTCTAATTTTTTCCTCTTGCGTTTTTCTTTTCGCTTTTGT
RNA15,Yes,chrX,44961284,44961392,gctGTTCGCTGCTATGAATCTCTAATCTTAAAAGCTGAAGGAAAAGTGGAGTCTGATTTCTTTTGTCAATTAGGTCACTTCAACCTCTTATTGGAAGATTAtccaaaag
RNA16,Yes,chr8,100635897,100636011,CATTTTGCAAATATTGTTCCAGTTGGTCCCTCCTCTCATCAGCCATAGCTGTGGTCATTGCCAGATAGTACTTTGGTGGGAAGGGTGGCAGGCAATTTCCAAAGACCCGCCTTAG
RNA17,Yes,chr19,36518030,36518143,catgttggccaggctggtcttgaactcctgacctcatgatccacccgccttggcctcccaaagtgctgggaatacagccatgagccaccgcacccggcccggaagaattatttt
RNA18,Yes,chr8,142345743,142345892,CTCGCTTCCTGGCCCTTGGGACAATAGGCGTGCCTGCTGGCCCCAGATCACCTTCCCCGTCCTTCCCCACACAGCGGTTCTGCAGCTTGCTCTCTGGCGACGGGCAGGGGAAATGGCGGATTCCATACTCGGTCCAACATCTAGCGCACT
RNA19,Yes,chr1,202158118,202158301,CAAGAATTCTTCTTCCAGTTGCTTGGGGCTGGGTGGCTGGCGCTGAAGGGCCCAGCGGGTAAGGGGGTGTCCAGCAGTGCGCAGAAAGTGTAGGGTGACCTCCCGGGGTGTGTTCACAGAGCAGATGGGTTCTACGGCCCCCAGGGACCGAACGTCCAGCATCAGAGCCACATTGGAGCCCCGC
RNA20,Yes,chr6,27467853,27467920,CTGAAAACTGGCTGATGAGAGTAGATTATGTCCCCCTTGGAGAAGGGTGGAGTCTGGAGAGGACAGAT
RNA21,Yes,chr6,134942409,134942564,CGACTCCCACCGGGGCCCGCACCGTGTAGTGCATGCAGCCCAGGTGGTCCATCTGCGTGCACTCTGACGTGTGGTGCAGGCTGGAGGAAGCGAAGAACCTGAAGTTCTGCACAGACCGGGGAATGTCCATGGTTCTTGCCAGTGCTAAGGTTTTCC
RNA22,Yes,chr2,74377648,74377726,CTCTTTTGAGGACttttgaagcagaagaatcaggTGTCTCTGGGGAAGTAGTATCTGCTCCATCTTCAAATACCTGGAT
RNA23,Yes,chr15,20861042,20861215,CTTGTTTTTTGATTCAATATCAGCACCATATAAGAGCAGTGCTTTGGCCATTAATTTATCTTCATTGTAGATAGCATAGTGTAGAGCGGTATTTCCATACTCATCTTGAATATTTCCATCAGCGCCATGTTCCAGCAACATTAACACACATTCATCTTCCTGGCATTGTACGGC
RNA24,Yes,chr19,7698741,7698854,GCCACAGGAGAAGCAGAGTCAGCAGCCCAGCCCACAGAGCGGCGGTCACCAGCCCCAGCAGCACGATCTGAGTCCCACGCCTGCAACACCGCCTCCTGGGAAGCTCCTCGATCT
RNA25,Yes,chr19,49748374,49748469,CTGCAGAGACTGCACGTGCTGGTTAACCCGGTTGGTCTTTTCCTTCAAGCTGGTGATGGAGTCTTTGGCGCGGACCAATCCACTGTTGACCCCACT
RNA26,Yes,chr1,36361221,36361340,CAAGGATGAATGGTCCAGCTCTCTTTGCATTATTTCCAGAAATCCCACTTCCTAGAGCCTTGGCCCTGGCCGACGTTTCCCCAGCTCCTCTGTCTGATGCTCTCCGCTTCATTCTCAGCT
RNA27,Yes,chrX,107216671,107216743,acAAATGGTTTATCTACTATTGGAGCCATGGGTCCTGGGAATATTGGACCACCCCAAATAGAAGAGCTCAAAG
RNA28,Yes,chr5,43123209,43123310,GACACCATTTTAAGGCTCACAAGGCTGTTTTGGCTGCTTGTAGTAAGTTCTTCTACAAATTCTTTCAGGAGTTTACCCAAGAACCATTGGTGGAGATAGAAG
RNA29,Yes,chr1,54616020,54616172,CCTTTTGGGAAGAGCCCAGCACAGCGTCCAGCCACTGCTCCAGTGTGTTGTCACTGTAGATAGTGGGGGGGTGTGCCATGATGGGAACTCCTGTCTCATTGGCTGTGCCGAGCCCTTCTACATTGACgtcagcctccaggactgtgatgTTGC
RNA30,Yes,chr11,62803419,62803572,tgtaatcttgaaccAGTTCTTTGAGGTCCCATCCTGGCTGGTGCCAGCCCCTCCTCTCTCTGGAGGAGCTCTGTCTCTCCGCACAGTAACATGAATGCGATCTCGATCATGCCAAGTATCACCCCGACGGTTAGGTCGGGTGGTATAGGGGTTG
RNA31,Yes,chr11,126021248,126021520,CTGCCACAGATACTGTCGCAGGGCCACTCACAATGGCACCGATGCTATTGTTGGCAAGGCACTGGTAGTAACCCAAAAGAGAGGAGTTGAGAGAAAGAATTGTCAGAGTCCCCTGATGAATCTTAACATGTTCCAGGTTTCCATCCAATGTTTTTCCGTTATGCAGCCATGAGATACGAGTGGTCACAGGTTGAGCAGAACAATGCAGTACTACAGGTCCACCAAGTTTCTGGACAGCAGAGAGCGGCTCAGAAGTAAAATAAGGTGCCAAGT
RNA32,Yes,chr3,50343734,50343850,CACCATGTAGATGGGGAAGGTGTTCTGGGGCTTGAAGTCCTCCACCCTGCAGAACACAGGGAACACCTTCTGCTTCCACATCTCCACTGCGATCAGCTCCTCCACCAGTGTTGGGAC
RNA33,Yes,chr4,108759749,108759908,CCTGAATTTgtaaaataacaaacagagagttTCTCCGGCAGAGTTGCTGAAAGGCGTTTGGCATACTCAACAATGTTGTCGTGGAGGAATCGAGAATTTGTATTTAGCAGTTCCATCTGTTTCAGGGCAGCTTTGACCACTCCTGGGTGACAGTGTCCCA
RNA34,Yes,chr1,145728256,145728400,GAGACTGAAGCCAAGGATACCAGCAGAGCCAACATTTGCTTCAAGTTCCTGGGCCTGCTGACAGCGTGCAGGATGCTGTTGGAACCCGGCAGAGGCTGCTGTGCCCTGGCCATCCTGCTGGCAATTGTGGACATCCAGTCTGGTG
RNA35,Yes,chr20,63976971,63977142,CGGTGATGGCATGCTGGGAGAAGGCCTCCACGTAGACGAGGTAGTTGTGGGGACAGTGCTTCTTGAGCCACTTGCAGACGTCCTGCTGACTCCACAGGACCACGGGCCGGGTCAGGCCACCCAGCGAGGGGCTTGTATGGTACAGGCCATAGTGGTCAGAGTACAGCCGGCC
RNA36,Yes,chr15,39770427,39770610,CTGAACACTCAGAGATTATCTGATGTTGAACCAAATCCAGATCTTCATCTGATCCCTCTTcagccaattttattttctcagagcAGCTTTCCTGCTTATCATCATTACTAGTTCTTCTGTTCTCTGTATTACTGCTTTCGGAGTGGTCCTCTTTACCAGAGTTCAAGTTGCTTGCAGTATCgac
RNA37,Yes,chr1,109713119,109713183,CTCCTGACTATGACAGAAGCCAGTGGCTGAATGAAAAATTCAAGCTGGGCCTGGACTTTCCCAAT
RNA38,Yes,chr12,133151028,133151154,ACACTGGTGACCTTCAAGGATGTATTTGTGGACTTCACCAGGGAGGAGTGGAAGCTGCTGGACACTGCTCAGCAGATCGTGTACAGAAATGTGATGCTGGAGAACTATAAGAACCTGGTTTCCTTGG
RNA39,Yes,chr5,151463553,151463643,ATGGTTCCAGACCTTGATCCACCTGTTAAAAGGCAACATTGGCACAGGACTCCTGGGACTCCCTCTGGCGGTGAAAAATGCAGGCATCGTG
RNA40,Yes,chr3,49813249,49813383,CTGGAAGTCCAACAGCAGGTCCTCAGTGATGTCACCCGTGTGCACGACGACCTGGACAGCTCTGTTGAGCTGAGCCAAGAGCTCTTGAGAGGCCTCGGCTCTGCTCCTTTCCAAGTCCTGCTCTGAGAGGAGAAA
RNA41,Yes,chr8,99038423,99038566,gAACTGAAATTACCATTCACTTTTTTAAGTGGACATATTCATGAATTGAGGATTCATGTACCATGGACAAAACTGGGTTCAGAACCAGTGGTAATTACCATCAATACTATGGAATGCATTTTGAAACTTAAGGATGGGATACAG
RNA42,Yes,chr1,220882164,220882348,GTCCCTATGCTGTGCTCACGAAGGACACCATGCCGCAGACGTACAAAAGGAAGCGTTCATGGTCGCGCGCTGTGTTCTCCAACCTGCAGAGGAAAGGCCTGGAGAAAAGGTTTGAGATTCAGAAGTACGTGACCAAGCCGGACCGAAAGCAGCTGGCGGCGATGCTGGGCCTCACGGACGCACAG
RNA43,Yes,chr17,75286633,75286802,CTGGAAACGGATCTTGATGACGTCGAAGGGACTGATCAGCGCCCGAGTAACAAGTCCAGACACAGACCCAGCCACTGCCACCTGGAACTTGGTGTTATTCCTGCCATCTGGTTTGGGGTCATAGCCAACCATCCCTGCCTCTGGCCCACACAATGTCCATCAGTATCAAG
RNA44,Yes,chr10,73694736,73694804,CATCTGTTTGAGAGTTCCTCTGGAATATTGTGCTTGCCTCTGGATTGGCAGAAGGGTTAAACTCCAAAG
RNA45,Yes,chr9,35078605,35078736,CTCTCTCTAGGCTCCGCTGGATATCCTGGGCCTGATCCTCTGTGAAACCCTGGGCCAAGCTTGCCCTCAGGATAATGAAGTTGCAGGTGACAGTCAGCTCCAAGGGAAGAACAGGAACAGCTGCAGGGAGCC
RNA46,Yes,chr1,159890480,159890622,ATGAGTTCTCGGACCATGTCCCGGGTGATGAGCTGGATGGTCTCTGGCTTGCGATCCAAGCCCAAAGCAGTGAGAGTTTTTTGAAGGGTATGCTTATCTCGGAGCAGCACAATGGGGCTGTCGCTCTGGCCCTGGGCTGGGGA
RNA47,Yes,chr8,66134990,66135155,GCCAGAAAAGAAATCCGACCAGCCCATGTGCGAGGAACATGAAGAGGAGCGCATCAACATCTACTGTCTGAACTGCGAAGTACCCACCTGCTCTCTGTGCAAGGTGTTTGGTGCACACAAAGACTGCCAGGTGGCTCCCCTCACTCATGTGTTCCAGAGACAGAAG
RNA48,Yes,chr5,177492526,177492677,CTGCTGAGGCCCAGGCTGAGGCGCTCCCCGCAGGCCCGGATCTTGTTCTGAGCTTCGATGTGTGTGAGGCTACCCGCATTCTCGCCATCGATGCTCAGCACCCAGTCACCCACGGCCACTCCGGCCTGCGCCGCTTTGCCCCCAGGAGTGAG
RNA49,Yes,chr19,49904199,49904321,CTTTAAAAGCCTCTGATTCCAAATTTAGTCACCAAATGTGTTGTCTTCATATGAATTAATGAGGAACTTAAGGAAAGGCCATTTGTCAGGACTGGGAAGGAAGCACATCTGTGTATTTTCTTC
RNA50,Yes,chr6,158028756,158029026,GTGGCACgtctctgagcttcctggtgTTGGTGACAGGCTGCACATCTGTGGGCAGAATTCCAGATGCTGAAATCTACAAAATCACTGCCACTGACTTTTACCCTCTTCAGGAAGAGGCCAAGGAGGAGGAACGCCTCATAGCTTTGAAGAAAATCCTCAGCTCGGGGGTGTTCTATTTCTCATGGCCAAACGATGGGTCTCGCTTTGACCTGACTGTCCGCACGCAGAAGCAGGGGGATGACAGCTCTGAATGGGGGAACTCCTTCTTCTG
RNA51,Yes,chr2,108670781,108670847,TTTGAAGGAAGAAAGTACTGTGAACATGACTTTCAGATGCTCTTTGCCCCTTGCTGTCATCAGTGTG
RNA52,Yes,chr7,128677564,128677813,GCTTCTCCCCCTGAAGTACGTGGAGCTACGAATCTACGACCGGCTCCAGCGCATCCTGAGGGTTAGGACAGTGACCGAAAAGATCTACTATCTGAAGCTCCACGAAAAACACCCAGAGATTGTGTTTCAATTCTGGGTCCGCTTGGTGAAAATTCTGCAGAAAGGCCTGTCCATCACCACCAAAGACCCGAGAATCAAATTCACTCACTGCCTGGTGCCCAAGATGCCCACCAACTCCACAGAAACAACA
RNA53,Yes,chr1,970277,970423,GACATCCTGGACCTGGAGAACCAGCGAGAAAACCTGGAGCAGCCATTCCTGAGTGTGTTCAAGAAGGGGCGGCGGAGGGTGCCTGTGAGGAACCTGGGAAAAGTTGTGCATTACGCCAAGGTCCAGCTGCGGTTCCAGCACAGCCAG
RNA54,Yes,chr1,13731000,13731117,AACACTACTGAGCCTGTGGCGGCCACCGAGACCCTGGCTGAGGTACCCGAACATGTGCTGCGAGGACTTCCGGAGGAAGTGAGGCTTTTCCCTTCTGCTGTTGACAAGACCCGGATTG
RNA55,Yes,chr10,100516096,100516219,CTGCTCAAGGCAGAAAGGACTCCTCTGTGTTTCAAGTCCAGAGAAGGGTCCCTGAAATCAACCTCAAATATTTCCAATGTGCCATTTGTGCTGAAGGAGGAATCTAGCTGTTGGGCAGATGTTC
RNA56,Yes,chr22,46247110,46247221,CGGGCCCACACACACCAGCCTGCTGCACAAACTGCAGCACGAGCCGAGGACCAGGAATCTGTCCTTGTCGGAGGTGAAGGGATCCTTCATGACATAGCTTTCCTCCAGGAGG
RNA57,Yes,chr1,147611590,147611796,ATGCGAGATTTTCCTCTGGCAGCAGGAGGCACGCACCCAGAGAATGCTGGAGCTGCAAGGGGAAAGGACCCACTTCCAcagcagagaaaaacaaagaggaaaaaggcATACAGGCAGCGAGCGCTAAGGGACGCACCCAGCAAGCAGTGGGCCAGTGCCACTGCCCCCAGCAGCTGTTTCTGCTGCAACCCGAGAGGAACTCGGTGA
RNA58,Yes,chr11,108227776,108227888,aaagaagTTGAGAAATTTAAGCGCCTGATTCGAGATCCTGAAACAATTAAACATCTAGATCGGCATTCAGATTCCaaacaaggaaaatatttgaattggGATGCTGTTTTTAG
RNA59,Yes,chr19,55404288,55404478,CAGCAGTACGTGTCGGATGCCCAGCTCAGCCGTCCAGTCCCTCTTGAGCACGTTGACGCAGATCTCGCCATTGGCGCCCACGTTCGGGTGGAAGATCTTGGTCAGGAAGTAGCCCTtgggtggggaggcagggaagtCCTTCCCCAGCAGGAGTTTCATGCGGAACAGACCTCCAGCATATGGGGTCCCCT
RNA60,Yes,chr2,233122107,233122257,GCATCCGAAGGCGTCTCCATGAGGTTCTTCACCAAGCTGGACCAGCTCATCGAGTTTTACAAGAAGGAAAACATGGGGCTGGTGACCCATCTGCAATACCCTGTGCCGCTGGAGGAAGAGGACACAGGCGACGACCCTGAGGAGGACacag
RNA61,Yes,chr7,112295869,112295957,GTACATTTTATATTGGAGGAAAAGGTTCACTGAACAGCCCATCACAGATTTTTGTAGTGTAATAAGAATTAATTCCACTGCTCCATTTG
RNA62,Yes,chr15,45658907,45659157,CCTGATCCTGCCTGAAGATGGTGCCACTGGTGGCTGTGGTATCAGGGCCCCGTGCCCAGCTCTTTGCCTGCCTGCTCAGGCTGGGCACTCAGCAGGTCGGCCCCCTTCAGCTGCACACCGGGGCCAGCCATGCGGCCAGGAACCATTATGAGGTGCTGGTGCTGGGTGGGGGCAGTGGCGGAATCACCATGGCTGCCCGCATGAAGAGGAAAGTGGGTGCAGAGAATGTGGCCATTGTTGAGCCCAGTGAG
RNA63,Yes,chr3,122558329,122558467,CTGAGCACTTGTAGGGGAGACATTCTTCTGTATTCCCCTTTCTCCACTGAGGAAAGATCTGAGCAAAGACTTTCTGAAACAAGAGTGAGAGCGAGGTAATCCTACCTGATTTTTCATTGTAAGCTGCTGCTCCGGCCAC
RNA64,Yes,chr10,13233538,13233633,CATTGACCTCATCTCTGGACTTGGGGGACCGCTTGCCGCGCCTCTTGAGGAAATTCGAGGCATCTGATTCCTGCATGAAAATCTTCTGTTTTGCAT
RNA65,Yes,chr19,16680397,16680581,GTACTTGATTTTCTTCTGCCCCCTGGACCTCTTCTACAAGTGTGTCTGCTTCCTGCCTGTGAAACTCATCTTCGTGGCCATGAAGGAGGTGGTGCGAGTCCGCAAGATCGCGGTGGGCATCCATCACgcccatcaccactaccaccacggGTGGTTCGTCATGATTGCAACTGGGTGGGTCAAAG
RNA66,Yes,chr16,27434347,27434449,GCTGGGGCTGCCCCGACCTCGTCTGCTACACCGATTACCTCCAGACGGTCATCTGCATCCTGGAAATGTGGAACCTCCACCCCAGCACGCTCACCCTTACCTG
RNA67,Yes,chrX,15845903,15846011,ACTGCCGAAATACTTGTCAAGTAATTCCACATAACGATGAATTATTTCCAGGGTAATTAGTTCATTGTCCTGATCCTCAATAGCACAGCAAAAATACAGACTAGCATAT
RNA68,Yes,chr12,57769772,57769956,CTGGCCCTTGTAGAAGAAGTTAGGAAGGTGCTTCATGGCATTGCTACGGAGACAGGCGATGTTCTGGAAGCCACCTGCAGGAGCTGCGCGTAGGGCCCGAATCCGGTCTTGTACATAGTCTGAGACCTTCACCCGGATCTCCAGACCCAGAATAAGTGTGTCTGGGAACAGCGGTGACAGTTCCA
RNA69,Yes,chr8,72069023,72069198,CTTCATCACCTCATTATTCATGCCCTGCACAGCTATGTGGAGAGGAGCCATCATGTTGAAGTTTCGGAGATTTGGGTTTGCTCCTCTGCTGAGAAGAAACTTAACGCTTTCAATTTGGTTTTTTTCTACAGCACAATGCAGAGGGGTATTTCCATAATCATCCATTTCATGCAGCA
RNA70,Yes,chr7,7801670,7801743,GAGATACAACAGATGAGCAAAGAATGACAGCAAGAGGCAAAACTTCGGACATAGAGGCCAACCAACCTTTGGAG
RNA71,Yes,chr8,11300023,11300148,GCATTGTCTACTCTGGACTCCATCACTCTGATGTACCCTTTCTTTTACCGTCCTATGTTTGAAGTGATAGAAGATGGCTggcattccttccttcctgagcAAGAATTTGAACTCTATTCTTCAGCT
RNA72,Yes,chr10,123862614,123862723,CTGGATGTTGAGTCTCCCTCGATGTGCCCCCAGGCCATAGCGCTTCACCGTGGAGGCATGGAGCTGGAAGTCTGTGATTTTTAAGGTTTCCAGACCAAGAGGTGGGCAAC
RNA73,Yes,chr2,188477659,188477730,GATTTAAGTCGTGGAACTGAACATTTATTTGGCTGATCCTCATCATGAACCGTGCTTTTAGCAGGAAGAAAG
RNA74,Yes,chr5,95548560,95548715,CTTATCTGAAATTATCttggtatatatttataggtGAAAGCTTCAGaatgatttttttgtagtttgCAAATCTTGATTGGAGTAGGTAACAAATTTCAATGCTGATTTCACAATTTTCTCAAACCAGTttcctttggttaaaaaaaaccctgcaga
RNA75,Yes,chr8,78740002,78740082,CTTATTAGCATCACagatatgtcttttaaaaaagttaaattcatTATTCAGGCAATTGCTACCAATTTCTTTCATGCTGTC
RNA76,Yes,chr3,126551997,126552122,CCTCGGACTGGGATGGACCTCGTTGGCACCAACCTCTTCTGCAGGGGCAGCTGCACCGTGTTCGAGTCGTTTGTGACCTCCCAGGGCTGCAGGGGCTCAGGGTCGGGCTCTGTCAGCCACGACAAC
RNA77,Yes,chr3,46988842,46988970,GCCAGAGGAGGCAGGTGCAGAGGTCCCGCTGCTACCACTGGATGAGCTGCATGTGCTGGCCGAACAGCTGCACCAGGCTGACCTGGAGCAAGCCCTCCTGCTGCTCAAGCTCTTCATCATTCTCTGCAG
RNA78,Yes,chr1,1761952,1762035,ATGATGGTCTGGGGGTTCTGCAGCACACAGGCCTTTGGTCCAAAAGTGGTCACCGGGCATGGCCCATGAAGAGAGCGTGTCCTC
RNA79,Yes,chr5,177041778,177041870,AGCAAAAAACATgccaacaaagtgaagagataccTAGCAATCCATGGAATGGAGACATTAAAGGGGGAAACGAAGAAGCTAGACTCAGATCAG
RNA80,Yes,chr14,23322999,23323066,CTGGCCCGGTGATCATGTCCATTGAGGAGAAGATGGAGGCTGATGCCCGTTCCATCTATGTTGGCAAT
RNA81,Yes,chr15,50543598,50543793,CTTTTTTAGAGCTTCATGAAGTTCATTTAGGACACAAATCAAGAATTCCTGAGCATCTTGTTGCATCTTTTTCGTAAATGCTGGGTAGAGGTTGCCAAGAGCTGACCAGAATATTTCTGGTGAGACACAGTCTGAGTCTCCCAGCCACATGTCTGTCATCAGATAGGCAAAAGCAGTGGCAACTTCACTGCAATCG
RNA82,Yes,chr3,48605770,48605856,CTTGAAAGCCAGATGCTCCAAAAAGTAGCCTGCCCCATTATTCTTCTCAGTCTCAAAACGGCTGCCAACATCAATCCACACTCCCAC
RNA83,Yes,chr2,189450903,189450968,CTGTATTCTTGTTCCCTTGATGGCACAATTAAACTGTGGGACTATATAGATGGCATCTTAATAAAG
RNA84,Yes,chr2,24799675,24799844,GTGTTTTAGCTCACTTGGAAAGGCTAGAGACCCAAGTGAGCAGATCCCGTAAACAGTCTGAAGAGCTGCAGAGCGTGCAGGCCCAGGAAGGTGCTCTTGGAACCAAGATTCATAAACTAAGGCGTCTGCGAGATGAGCTGAGGGCTGTGGTGCGGCACCGGCGAGCCAGC
RNA85,Yes,chr12,128888639,128888744,GCCACCGAATCCCTTTTGGAGTCATCTTTGGTGGAACTGATGTAAATGAAGATGCCAACCAGGCGGAAAAAAACACAGTCATGGGCAGAGTTCTTGAGGAAGCCAG
RNA86,Yes,chr1,228493053,228493274,GGACACGTGATGGACCGTAGGAAGAAGGCACTGACCGACTACAAGAAGCTGCGGGCCTTCtttgtggaggaggaggagcatttcctgcaggaggctgagaaggaggaggggCTCCCTGAGGACGAGCTGGCTGACCCCACTGAGCGGTTCAGGTCACTGCTGCAGGCGGTCTCGGAGCTGGAGAAGAAGCATCGCAACCTGGGCCTCAGCATGCTGCTGCAG
RNA87,Yes,chr11,85654063,85654256,GAATCTACTTGAAAATGGATCGGTTTATGTTGGATTAAATGCTGCTCTTTGTGGCCTCATAGCAAACAGTCTTTTTCGACGCATCTTGAATGTGACAAAGGCTCGCATAGCTGCTGGCTTACCAATGGCAGGGATACCTTTTCTTACAACAGACTTAACTTACAGATGTTTTGTAAGTTTTCCTTTGAATACAG
RNA88,Yes,chr19,890137,890244,CTGACTGGTCCCACTCCAGGCAGGTGATGGCCTCGTGGTGCTCTGAGGGGATCGAGTGCAGGTCCCAGGGGTGCTCCGTGTCCAGGATGTGGATCATGCGGGTCAGGT
RNA89,Yes,chr4,1799254,1799523,AAGTCCCGGGCCCAGAGCCCGGCCAGCAGGAGCAGTTGGTCTTCGGCAGCGGGGATGCTGTGGAGCTGAGCTGTCCCCCGCCCGGGGGTGGTCCCATGGGGCCCACTGTCTGGGTCAAGGATGGCACAGGGCTGGTGCCCTCGGAGCGTGTCCTGGTGGGGCCCCAGCGGCTGCAGGTGCTGAATGCCTCCCACGAGGACTCCGGGGCCTACAGCTGCCGGCAGCGGCTCACGCAGCGCGTACTGTGCCACTTCAGTGTGCGGGTGACAG
RNA90,Yes,chr19,50512360,50512580,CTGGTATCAGCCACGAGCACCCCAATCACCCCATCGAAGCCCAGGCTGGGGGCAGCCAGGGCAGCCGCCGCCATGGTGTTGGAATTTCGCGGGGCAAAGGGGCAGAGCCCACGGACAGGGCCTTCGTAGAGCACAGTGCAAGGCCCAGGGCTGTGGGCTGCAGCCAGGGGTCCCTCAAGCCGGAAGCCATCGGGGTGTGTGGCCATGGTGACACGAAGGCT
RNA91,Yes,chr11,112193474,112193697,GTACAATCATTGGTTTGATGGGATGGCGCTGCTTCACCAGTTCAGAATGGCAAAGGGCACAGTGACATACAGGAGCAAGTTTCTACAGAGTGATACATATAAGGCCAACAGTGCTAAAAACCGAATTGTGATCTCAGAATTTGGCACACTGGCTCTCCCGGATCCATGCAAGAATGTTTTTGAACGTTTCATGTCCAGGTTTGAGCTGCCTGGTAAAGCTGCAG
RNA92,Yes,chr11,61964987,61965112,ATGGGGGTCATTTTTGTCAGTGGCCAGTTTGTGCAGTTCCAGTAGTGACtgattcacatttttttccaaatgtaatgCACACTCCATTGCATTCAGCCCGCTCTCCCAGTCATCACAGTCTGGTTT
RNA93,Yes,chr10,75043797,75044017,TGTGGTCGTCGCTTAGCGCTCTGTCGATGAAGGCTGCCGCCGGGTAGAAGAAGACACTGAGGTCGAAGGTGGGCAGGTCGTCGGCCTCCACGCCGTGGTACTGGATGTCCATGTCGCGGTAGTAGTCGGGCCCAGTGTCCACGTTCCAGCGGCCGTGGGCCGCGTTCAGCACGTGCGTGAACCCCGCCTTCTGCAGCCTATAGCGGTCCAGCGCCGTCGCC
RNA94,Yes,chr12,32576266,32576449,TGCCTCCAAAGCCATTACACCTGCAGAATTCACCTTCGTCCAATATACACCAAACCCCCAGGCATAAAGCTTTACCTAGTGCAAAACCAAGGATGGAGGAAATTAAACCTGCCTCTGCTTCttgtgtctcaaaagaaaaacccagTAAGGTATCAGATCTCATCAGTCGCTTTGAAGGAGGCAG
RNA95,Yes,chr21,44809047,44809118,CTGTGCTGGAGTGTCAGTTTCATTGATTGGCTGCCCGTCGAACCTGAATCTGATCTGCCTCATTGACAAGCC
RNA96,Yes,chr2,196656633,196656853,AGGCTATTTGGAAGCTCCAGACTGTTTAGAAGACCTGGACAGCCAGAAAGTCATTAGTCCTATCCAAAATGAAGCAATTTGTGCAggaaaaacagatattttatGGAAGAACTGTGAGTTTCTGGTAAATCGAATGTGCCGTCTTGAAAGCCTCATGCAGTCCTTGAAGATGAACATCTTTCGGCTGCAAACTGAAAAGGATTTGAATCCTCAGAAAACAG
RNA97,Yes,chr19,44812163,44812391,ACCGACCGCTCGGGAGCTCGCCCCCGCCTAGCCTCGGCTGAGATGCAGGGCTCTGAGCTCCAGGTCACAATGCACGACACCCGGGGCCGCAGTCCCCCATACCAGCTGGACTCCCAGGGGCGCCTGGTGCTGgctgaggcccaggtgggcgaCGAGCGAGACTACGTGTGCGTGGTGAGGGCAGGGGCGGCAGGCACTGCTGAGGCCACTGCGCGGCTCAACGTGTTTG
RNA98,Yes,chr4,25156856,25156974,CAGCCAGCTTTATAATGTCCAGGACCAAAGAATTGGTAATTTTGTTCAAAAGGCTAGAGCCTGCAGCTTTTGGTTGCACAGCAGAAATATCACCGGATCGTCCAATGCCATGAATGAAC
RNA99,Yes,chr17,44349426,44349551,GACAAATGGCCCACAACACTGAGCAGGCATCTGGGTGGCCCCTGCCAGGTTGATGCCCACTGCTCTGCCGGCCACTCCTGCATCTTTACCGTCTCAGGGACTTCCAGTTGCTGCCCCTTCCCAGAG
RNA100,Yes,chr6,39194594,39194760,CAGACTCACACCTCTCTTGGTAAGGAACTGCCCTAGTCTCTTGGCACGTCCCCCGAAGAACTTGCCCAGGGCACTGATCCACGTCAGGCAGAGCGGCACCCCGAAGAGACCATAGAAAACACAGAAGAGGCGACCGGCGGGGGTCTTGGGAGCCACATTGCCATATC
